,mse_mean,mse_std,rmse_mean,rmse_std
random_forest,4.144115792231817,0.0605607948781745,2.0356559961819407,0.01484780927702403
extra_trees,4.328253873631892,0.03958809681573251,2.0804238941932054,0.009502320867623017
hist_gbr_iter100k,3.6760111234363393,0.07076129448782864,1.9172037604880863,0.018462508136205254
