,mse_mean,mse_std,rmse_mean,rmse_std
random_forest,4.525571741219391,0.033142429847510216,2.127324849907474,0.007792572459314532
extra_trees,4.789321514912236,0.035597489088721984,2.188436817653079,0.008112339533115128
hist_gbr_iter100k,3.885591677296668,0.028702091480135052,1.971176959256545,0.007285093876495979
