,mse,rmse
hist_gbr_iter100k,"[3.32887638172898, 3.403630257132476, 3.382820572561169, 3.3890373686811306, 3.3648023581262136]","[1.8245208636047383, 1.8448930205116165, 1.8392445657283234, 1.8409338306091099, 1.8343397608202832]"
