,mse_mean,mse_std,rmse_mean,rmse_std
hist_gbr_iter100k,3.3738333876459934,0.025700100538403887,1.8367864082548144,0.007005576091422044
