,mse_mean,mse_std,rmse_mean,rmse_std
random_forest,4.18056290973206,0.06671841617593885,2.044577319119355,0.01632470136852541
extra_trees,4.3951929249950155,0.0793488483528721,2.096386012162226,0.018937080175518324
hist_gbr_iter100k,3.717389626815726,0.07074203826629606,1.9279664701612202,0.01830073085454045
