,mse_mean,mse_std,rmse_mean,rmse_std
random_forest,4.276584042563964,0.051964713339329074,2.0679521770314597,0.012563282803871478
extra_trees,4.462079985623828,0.032532607483145126,2.1123495285645206,0.007710693683152573
hist_gbr_iter100k,3.744148221874748,0.03321610447043439,1.9349611041769985,0.008587618813077439
