,mse,rmse
random_forest,"[4.261691920880227, 4.313682330662304, 4.351806867539729, 4.200493267765186, 4.255245825972373]","[2.06438657253922, 2.076940617991353, 2.086098479827769, 2.049510494670663, 2.0628247201282934]"
extra_trees,"[4.453879239603258, 4.477877545136489, 4.501684093647712, 4.404622555435116, 4.472336494296561]","[2.110421578643295, 2.116099606619804, 2.1217172511076288, 2.0987192655129263, 2.1147899409389486]"
hist_gbr_iter100k,"[3.729305948147236, 3.7568837545420357, 3.7917576271115956, 3.6911300811618024, 3.7516636984110723]","[1.9311411000098455, 1.9382682359627204, 1.9472435972706639, 1.9212313970893258, 1.9369211905524375]"
