,mse,rmse
hist_gbr_iter100k,"[3.3936247978350687, 3.4507937474927215, 3.4079750322406706, 3.434799367085208, 3.3814179458016898]","[1.8421793609296215, 1.8576312194546907, 1.8460701590786497, 1.8533211721353662, 1.8388632210693894]"
