,mse_mean,mse_std,rmse_mean,rmse_std
hist_gbr_iter100k,3.4137221780910716,0.025686755171420102,1.8476130265335435,0.006948544785148722
