,mse_mean,mse_std,rmse_mean,rmse_std
linear_regression,6.339776742838054,0.06521245417629878,2.517858088911946,0.012937810430515954
elastic_cv,6.353165513521724,0.06532837292809891,2.5205154063674593,0.012946033601271532
poisson,6.895728844571318,0.0522640968966224,2.6259531265632994,0.009950962955906412
gamma,7.675597335947344,0.0466151867870868,2.77047404931332,0.008418909002938959
sgd,6.383732519607882,0.06290026768524415,2.526574337289182,0.012435343164297858
random_forest,3.6481626559735547,0.028103136049997344,1.9100021832024396,0.007369948132023704
extra_trees,4.000267165068962,0.04384130379537473,2.0000366274560215,0.010984257066669391
hist_gbr_iter100k,3.3183110132166065,0.04156808848081308,1.8215872213296254,0.011445885951727318
