,mse,rmse
linear_regression,"[5.704400171593481, 5.6735385294255165, 5.888300695282746, 5.77121138614003, 5.75338034690044]","[2.3883886140227433, 2.3819190854068735, 2.4265821014922917, 2.4023345699839624, 2.398620509146964]"
elastic_cv,"[5.722107741753696, 5.67651966011118, 5.893434183395689, 5.789103313128757, 5.77497759093272]","[2.392092753584964, 2.3825447865908376, 2.4276396321109295, 2.406055550715477, 2.4031183056463785]"
poisson,"[6.627800423905778, 6.641743346150721, 6.853089354266902, 6.778111414544783, 6.747505906996927]","[2.574451480200351, 2.577157997902092, 2.6178405899265336, 2.603480634563043, 2.5975961785845247]"
gamma,"[7.216214186257806, 7.328881831219347, 7.579282607366024, 7.44884089737239, 7.33238424307375]","[2.686301209145729, 2.707190763728952, 2.753049692135255, 2.7292564733590705, 2.7078375584723964]"
sgd,"[5.771195631882764, 5.691327417230751, 5.923393431222768, 5.817666639144069, 5.809881530509603]","[2.4023312910343493, 2.385650313275345, 2.433802258036336, 2.411983963285011, 2.410369583800294]"
random_forest,"[4.099685772274493, 4.151775646975017, 4.301346421109266, 4.019555777061844, 4.219048527653631]","[2.0247680786387594, 2.0375906475479852, 2.0739687608807578, 2.0048829833837796, 2.0540322606165735]"
extra_trees,"[4.373262899357738, 4.524327006633173, 4.627315195055984, 4.327075728330836, 4.547633080647048]","[2.091234778631452, 2.127046545478771, 2.1511195213320864, 2.0801624283528524, 2.1325180141436197]"
hist_gbr_iter100k,"[3.689989264893275, 3.7153689902033538, 3.8307220721021955, 3.672138341787839, 3.7163713128788385]","[1.9209344769911532, 1.927529244967078, 1.9572230511881357, 1.9162824274589167, 1.927789229371001]"
