,mse_mean,mse_std,rmse_mean,rmse_std
linear_regression,5.758166225868442,0.07373017912806697,2.399568976010567,0.015328249607894315
elastic_cv,5.771228497864408,0.07300740637112803,2.4022902057297175,0.015174495691157756
poisson,6.729650089173022,0.08485933329658422,2.594105376235309,0.01635194667581359
gamma,7.381120753057862,0.1234118848271049,2.7167271393682806,0.02268046026212364
sgd,5.80269292999799,0.07515165488702033,2.408827481886267,0.01559142416383807
random_forest,4.15828242901485,0.09683058910646042,2.039048546213571,0.023737211276238575
extra_trees,4.479922782004956,0.11226708824514589,2.116416257587756,0.026551960816327907
hist_gbr_iter100k,3.7249179963731,0.05543363596120736,1.9299516859952568,0.014299863536601665
