,mse,rmse
linear_regression,"[6.057690543434313, 6.086871976783108, 6.125338966987146, 5.810571024447874, 6.056369684888254]","[2.461237604018416, 2.4671586849619356, 2.474942214878389, 2.4105126061582576, 2.460969257200962]"
elastic_cv,"[6.067696856728187, 6.091797896677363, 6.146004741845711, 5.825876461487321, 6.065863073409344]","[2.4632695460968512, 2.468156781219006, 2.47911370087088, 2.413685244908151, 2.462897292501119]"
poisson,"[6.862621818459723, 6.869365212695582, 6.928103652145732, 6.574441627280656, 6.877451088375358]","[2.6196606303984726, 2.6209473883875622, 2.632129110082887, 2.5640673991298777, 2.6224894829866066]"
gamma,"[7.593549866459147, 7.5386123828965435, 7.6153130135057525, 7.262400402085379, 7.6209071726459]","[2.7556396474247404, 2.74565336175136, 2.759585659751433, 2.694884116633845, 2.760599060466025]"
sgd,"[6.11118524782919, 6.117484873485017, 6.191055402531263, 5.850885254420619, 6.082100927043495]","[2.4720811572092836, 2.4733549833141657, 2.488183152931324, 2.418860321395309, 2.4661915836048696]"
random_forest,"[4.440806921956656, 4.3186023389156585, 4.306564026860564, 4.244332638773267, 4.4068367938725626]","[2.1073222159785288, 2.0781247168819434, 2.0752262591969495, 2.0601778172704575, 2.0992467205815903]"
extra_trees,"[4.845800697780302, 4.761684673907677, 4.648576222880279, 4.673576223932249, 4.780178117322221]","[2.2013179456362733, 2.1821284732819186, 2.1560557095957145, 2.161845559685578, 2.18636184501153]"
hist_gbr_iter100k,"[3.876199524070921, 3.7663794393241443, 3.734185259836008, 3.572038213870264, 3.8028639450032196]","[1.9688066243465663, 1.9407162181329203, 1.9324040105102265, 1.8899836543923507, 1.9500933169987582]"
